{
  "n_folds": 5,
  "n_samples": 3363,
  "models": {
    "AutoGluon": {
      "rmse_mean": 0.5354581331171262,
      "rmse_std": 0.02085293047695609,
      "r2_mean": 0.768955752463589,
      "mae_mean": 0.4093010365207972,
      "mape_mean": 48.62895757707453,
      "within_20_mean": 33.03655451779523,
      "within_50_mean": 71.78164579353286,
      "folds_completed": 5
    },
    "FLAML": {
      "rmse_mean": 0.5730936932560605,
      "rmse_std": 0.03900965283276402,
      "r2_mean": 0.7346116829999104,
      "mae_mean": 0.4422270633855305,
      "mape_mean": 53.56495479164528,
      "within_20_mean": 30.151860892945585,
      "within_50_mean": 68.480904620392,
      "folds_completed": 5
    },
    "Ridge": {
      "rmse_mean": 0.5943890935631991,
      "rmse_std": 0.023231243962036068,
      "r2_mean": 0.7152224050934104,
      "mae_mean": 0.4590771581736501,
      "mape_mean": 56.605273067480326,
      "within_20_mean": 28.90424892096512,
      "within_50_mean": 67.05476544258119,
      "folds_completed": 5
    }
  },
  "statistical_tests": {
    "AutoGluon_vs_FLAML": {
      "statistic": 1.0,
      "p_value": 0.125,
      "significant": "False",
      "folds_compared": [
        1,
        2,
        3,
        4,
        5
      ]
    },
    "AutoGluon_vs_Ridge": {
      "statistic": 0.0,
      "p_value": 0.0625,
      "significant": "False",
      "folds_compared": [
        1,
        2,
        3,
        4,
        5
      ]
    },
    "FLAML_vs_Ridge": {
      "statistic": 0.0,
      "p_value": 0.0625,
      "significant": "False",
      "folds_compared": [
        1,
        2,
        3,
        4,
        5
      ]
    }
  },
  "winner": "AutoGluon",
  "per_fold": {
    "AutoGluon": [
      {
        "rmse": 0.5468043874527538,
        "mae": 0.4286366008647009,
        "r2": 0.7622690942393144,
        "mape": 47.79352206213219,
        "within_20_pct": 30.60921248142645,
        "within_50_pct": 70.28231797919761,
        "fold": 1
      },
      {
        "rmse": 0.538792747842724,
        "mae": 0.41715552447171333,
        "r2": 0.764215885552001,
        "mape": 47.932535956503195,
        "within_20_pct": 33.13521545319465,
        "within_50_pct": 70.28231797919761,
        "fold": 2
      },
      {
        "rmse": 0.5630746170109174,
        "mae": 0.41011019479936245,
        "r2": 0.7640184778302991,
        "mape": 59.17734732272514,
        "within_20_pct": 33.43239227340267,
        "within_50_pct": 73.10549777117384,
        "fold": 3
      },
      {
        "rmse": 0.5005769552576728,
        "mae": 0.38536754056020905,
        "r2": 0.7883790507336792,
        "mape": 43.39509520664958,
        "within_20_pct": 35.41666666666667,
        "within_50_pct": 72.32142857142857,
        "fold": 4
      },
      {
        "rmse": 0.5280419580215636,
        "mae": 0.40523532190800016,
        "r2": 0.765896253962651,
        "mape": 44.84628733736254,
        "within_20_pct": 32.589285714285715,
        "within_50_pct": 72.91666666666666,
        "fold": 5
      }
    ],
    "FLAML": [
      {
        "rmse": 0.5437974268762931,
        "mae": 0.4261528279712898,
        "r2": 0.7648765419858015,
        "mape": 47.69752037992125,
        "within_20_pct": 30.460624071322435,
        "within_50_pct": 70.57949479940565,
        "fold": 1
      },
      {
        "rmse": 0.5965282058599878,
        "mae": 0.46256233385369205,
        "r2": 0.7109765866475127,
        "mape": 55.99311679235727,
        "within_20_pct": 30.60921248142645,
        "within_50_pct": 66.2704309063893,
        "fold": 2
      },
      {
        "rmse": 0.6198347689746266,
        "mae": 0.46293564159385353,
        "r2": 0.7140448215653968,
        "mape": 65.98267868147457,
        "within_20_pct": 28.677563150074292,
        "within_50_pct": 67.31054977711739,
        "fold": 3
      },
      {
        "rmse": 0.512772772115862,
        "mae": 0.39861174603735267,
        "r2": 0.7779417739058334,
        "mape": 45.14278417074556,
        "within_20_pct": 33.33333333333333,
        "within_50_pct": 71.875,
        "fold": 4
      },
      {
        "rmse": 0.5925352924535333,
        "mae": 0.460872767471465,
        "r2": 0.7052186908950078,
        "mape": 53.008673933727735,
        "within_20_pct": 27.67857142857143,
        "within_50_pct": 66.36904761904762,
        "fold": 5
      }
    ],
    "Ridge": [
      {
        "rmse": 0.6043888108622197,
        "mae": 0.47626383027187363,
        "r2": 0.7095612927739021,
        "mape": 54.326052059364685,
        "within_20_pct": 26.59732540861813,
        "within_50_pct": 64.48736998514116,
        "fold": 1
      },
      {
        "rmse": 0.5985857455321886,
        "mae": 0.4724005018046137,
        "r2": 0.7089793542926612,
        "mape": 55.44042261167025,
        "within_20_pct": 28.231797919762258,
        "within_50_pct": 64.78454680534918,
        "fold": 2
      },
      {
        "rmse": 0.6227550306732754,
        "mae": 0.4699999451913741,
        "r2": 0.7113440014810104,
        "mape": 67.80074345919954,
        "within_20_pct": 26.894502228826152,
        "within_50_pct": 66.71619613670133,
        "fold": 3
      },
      {
        "rmse": 0.552245942674209,
        "mae": 0.4235415842264054,
        "r2": 0.7424378622780977,
        "mape": 51.63495835766945,
        "within_20_pct": 32.44047619047619,
        "within_50_pct": 70.08928571428571,
        "fold": 4
      },
      {
        "rmse": 0.5939699380741027,
        "mae": 0.4531799293739836,
        "r2": 0.7037895146413806,
        "mape": 53.82418884949773,
        "within_20_pct": 30.357142857142854,
        "within_50_pct": 69.19642857142857,
        "fold": 5
      }
    ]
  }
}